Class,Class_value,Frequency,Relative_frequency,Cumulative_relative_frequency
0.0 - 14.285714285714286,7.142857142857143,2,0.04,0.04
14.285714285714286 - 28.571428571428573,21.42857142857143,4,0.08,0.12
28.571428571428573 - 42.85714285714286,35.714285714285715,8,0.16,0.28
42.85714285714286 - 57.142857142857146,50.0,14,0.28,0.56
57.142857142857146 - 71.42857142857143,64.28571428571429,12,0.24,0.8
71.42857142857143 - 85.71428571428572,78.57142857142858,7,0.14,0.9400000000000001
85.71428571428572 - 100.0,92.85714285714286,3,0.06,1.0
