Class,Class_value,Frequency,Relative_frequency,Cumulative_relative_frequency
7.0 - 9.0,8.0,2,0.2222222222222222,0.2222222222222222
9.0 - 11.0,10.0,4,0.4444444444444444,0.6666666666666666
11.0 - 13.0,12.0,2,0.2222222222222222,0.8888888888888888
13.0 - 15.0,14.0,1,0.1111111111111111,1.0
