Class,Class_value,Frequency,Relative_frequency,Cumulative_relative_frequency
0 - 20,10.0,4,0.08,0.08
20 - 40,30.0,8,0.16,0.24
40 - 60,50.0,17,0.34,0.5800000000000001
60 - 80,70.0,14,0.28,0.8600000000000001
80 - 100,90.0,7,0.14,1.0
